Name,Address,Website,Phone,Email,Reached out dates,Notes
Riley's Natural Pet Supply,"7580 S Pierce St #5, Littleton, CO 80128",https://rileysnaturalpetsupply.com/,(720) 519-1813,mpahan@comcast.net,"11/4/2024, 11/23",
Garden of the Paws Natural Pet Market,"5950 S Platte Canyon Rd D-5, Littleton, CO 80123",https://gardenofthepaws.com/,(303) 794-7297,GOTPNatural@gmail.com,"11/4/2024, 11/23",
Zoey's Place - Natural Pet Market,"5623 S Prince St, Littleton, CO 80120",https://www.zoeysnaturalpetmarket.com/,303-794-6787,info@zoeysplace.net,"11/4, 11/23",
Pets N' Stuff,"7777 W Jewell Ave, Lakewood, CO 80232",https://petsnstuff.com/,303 989-5380,Petstuff101@aol.com,"11/4/2024, 11/23",
SIMPAWTICO - DENVER,"4500 W 38th Ave Suite 110, Denver, CO 80212",https://www.simpawtico.com/,720-381-6819,info@simpawtico.com,"11/4/2024, 11/23",
Hero's Pets,"8246 W. Bowles Ave., Unit J Littleton, CO 80123",https://herospets.com/,303.972.1926,Hero@HerosPets.com,"11/7, asked about pasteurization, 11/25",
Petzlove Food 'n Stuffz,"9231 Lincoln Ave #200, Lone Tree, CO 80124",https://lonetree.petzlovefood.com/,(720) 389-5171,marketing@petzlovefood.com,"11/8/2024, 11/23",
Ken Caryl Pet Spa,"12512 W Ken Caryl Ave, Littleton, CO 80127",https://kencarylpetspa.com/,(720) 981-7387,ellie@kencarylpetspa.com,"11/8, 11/23",
Pet Palace,"4122 S Parker Rd, Aurora, CO 80014",https://www.facebook.com/people/Pet-Palace-Colorado/100057351646079/,(303) 699-4554,petpalaceusa@aol.com,"11/8/2024, 11/23",
Luke & Company Fine Pet Supply & Outfitter,"530 Broadway, Denver, CO 80203",https://www.lukeandco.com/,(303) 282-0377,ks@lukeandco.com,"11/11/2024, 11/25",
Earthwise Pet,"5035 S Kipling Parkway, Littleton, CO 80127",https://littleton.earthwisepet.com/products/shop/,720-535-8339,littleton@earthwisepet.com,"11/11/2024, 11/25",
Pet Station,"2300 S Colorado Blvd, Denver, CO 80222",https://www.mypetstation.net/,303-757-6800,info@petstationdenver.com,"11/11/2024, 11/25",
Chuck & Don's,"9868 West Belleview Avenue Littleton, CO 80123",https://chuckanddons.com/a/pages/locations/610/chuck-dons-littleton,303-586-5995,buyers@ipphl.com,"11/11/2024, 11/25",https://chuckanddons.com/pages/vendor-product-review-request
Wag n Wash,"5066 South Wadsworth Boulevard Littleton, CO 80123",https://www.wagnwash.com/store/co/littleton/3003-littleton/3003,303-973-9274,wnwpet-3003mgr@wnwfranchise.com,"11/11/2024, 11/25",
